[
  {
	  "assocTypeCode":"1",
    "assocTypeDesc":"egular",
    "associateId":"100001",
    "deptDesc":"Order Filling",
    "deptNbr":"1111",
    "facilityAreaCode":"1",
    "firstName":"Paul",
    "glsUserid":"100001",
    "lastName":"Adams",
    "shiftCode":"1",
    "shiftEffectiveDate":"2018-04-28T00:00:00Z",
    "supervisorUserId":"990927",
    "supplyChainCd":"002001007",
    "supplyChainCount":0
	},
  {
	  "assocTypeCode":"2",
    "assocTypeDesc":"egular",
    "associateId":"100002",
    "deptDesc":"Order Filling",
    "deptNbr":"1122",
    "facilityAreaCode":"1",
    "firstName":"Mitch",
    "glsUserid":"100002",
    "lastName":"Tom",
    "shiftCode":"2",
    "shiftEffectiveDate":"2018-04-28T00:00:00Z",
    "supervisorUserId":"990928",
    "supplyChainCd":"002001001",
    "supplyChainCount":0
	}
]	