{
  "$schema": "./node_modules/@angular/cli/lib/config/schema.json",
  "project": {
    "name": "material-dashboard-angular"
  },
  "apps": [
    {
      "root": "src",
      "outDir": "dist",
      "assets": [
        "assets",
        "favicon.ico"
      ],
      "index": "index.html",
      "main": "main.ts",
      "polyfills": "polyfills.ts",
      "test": "test.ts",
      "tsconfig": "tsconfig.app.json",
      "testTsconfig": "tsconfig.spec.json",
      "prefix": "app",
      "styles": [
        "./assets/sass/material-dashboard.scss",
        "../node_modules/material-design-icons/iconfont/material-icons.css",
        "../node_modules/ag-grid/dist/styles/ag-grid.css",
        "../node_modules/ag-grid/dist/styles/theme-fresh.css",
        "../node_modules/ag-grid/dist/styles/ag-theme-material.css",     
        "../node_modules/font-awesome/css/font-awesome.css"
      ],
      "scripts": [
          "../node_modules/jquery/dist/jquery.js",
          "../node_modules/bootstrap/dist/js/bootstrap.js",
          "../node_modules/bootstrap-material-design/dist/js/material.min.js",
          "../node_modules/arrive/src/arrive.js",
          "../node_modules/moment/moment.js",
          "../node_modules/bootstrap-notify/bootstrap-notify.js",
          "../node_modules/chartist/dist/chartist.js",
          "../node_modules/chart.js/src/chart.js"
      ],
      "environmentSource": "environments/environment.ts",
      "environments": {
        "dev": "environments/environment.ts",
        "prod": "environments/environment.prod.ts"
      }
    }
  ],
  "e2e": {
    "protractor": {
      "config": "./protractor.conf.js"
    }
  },
  "lint": [
    {
      "project": "src/tsconfig.app.json"
    },
    {
      "project": "src/tsconfig.spec.json"
    },
    {
      "project": "e2e/tsconfig.e2e.json"
    }
  ],
  "test": {
    "karma": {
      "config": "./karma.conf.js"
    }
  },
  "defaults": {
    "styleExt": "scss",
    "component": {}
  }
}
